标题,作者,发布时间,阅读量,点赞量,链接,内容,错误信息,状态
您有一份收据，请注意查收,DNA数字游民公社,2025年06月04日 10:10,,,https://mp.weixin.qq.com/s/hh3SWJu7Uof7a2KWBAE7Vg,"编者按：


在一个可能并不晴朗的夏夜，有一群人为了快乐而举办了这场相聚。

在六月的夏夜，在日落与日出之间。

用音乐，用舞蹈，用各有所长的技能，来共同谱画“6666夏夜漫游”。

或许时间紧促，或许这场漫游活动并不专业，也或许会出现一些意外，但这些都不影响这场派对目的—— 要开心！

现附上活动“小票”，邀请你来认识这些快乐的DNAer！",,
From Disconnection to Belonging: My Time at DNA,DNA数字游民公社,2025年05月31日 20:01,,,https://mp.weixin.qq.com/s/nggj_UsthzWBZFyWw0AHxA,"编者按：

这篇文章的作者是来自孟加拉国的研究者Rakib。他分享了自己两周的DNA体验，既有对数字游民社区的观察研究，也有全身心的参与和感受。他说，希望通过自己的书写，能让读者也感受到这个共享空间的日常、温暖和意义。




（文末附重点段落AI翻译文，仅供参考。）






接管计划| vol.85

图 |Rakib

文 |Rakib
编辑 |夭夭


Hi, I’m Rakib from Bangladesh. I work as a university teacher in my home country, and I’m currently pursuing a PhD in Tourism Management at Beijing Technology and Business University under the Chinese Government Scholarship Program. I’ve always been passionate about exploring different lifestyles and cultures, which naturally led me to research that focuses on people, their stories, and real-life experiences. I find great meaning in understanding how individuals live, connect, and create a sense of community—especially in shared living environments like DNA.
▲


ACDC Deer Park – A Peaceful Encounter with Nature

""Spending a quiet afternoon with deer at the ACDC Park was one of the most memorable experiences. The calm surroundings and friendly animals made it feel like a moment of stillness in the middle of...",,
离别不是生命的终点，这个四月，感谢你的痕迹刻在我们的「DNA」,DNA数字游民公社,2025年04月22日 20:04,,,https://mp.weixin.qq.com/s/aGf56x66RsgPzGM2PM4wZw,"生命是为了思考生命，这样绕口的一句话怎样才能细致衍生呢？这样的思考什么时候会出现答案呢？

我想是：生命结束的时候。




祝你今天好，我是小遥，一名文字工作者，今天我想用我最信赖的文字，带着一些朋友与你一起聊聊生命。




接管计划 | vol.84

图 |小遥与DNAer

文 |小遥
编辑 |夭夭


“好无聊的话题！”“好抽象的问题！”“这个话题太宏大了，想明白了又能怎么样？”

我想这些话语也围绕着“生命”这个论题，在现实生活中，我好像一直逃避着与人交流这种深度问题，只是因为对此感觉迷惘、难解甚至无趣。

生命的谜底到底藏在哪里？是襁褓之中的咿呀学语、是被奉为黄金时代的青春笔盒、是系好的领带、是阳光洒落在的花白鬓角、还是那一只黑漆漆的木盒？

这个世界上每一天都有人出生，每一天都有人离去，每一天都会有相遇，每一天都会有离别。于是我想把答案总结到每一天，我活着的每一天。

有了这一题的答案，后续我开始思考，生命的承载是哪里？

当我在四月份清明节前夕送走了第N+1位“周期性”好友时，我突然想起曾经在这里送走的N位，我们好像并没有再多联系，最后一次接触即是送她上车前的那个拥抱。我又突然想起，在许多年前，我与一位好友的离别，也是结束于一个拥抱，不过他并非是离去于我的世界，而是这整个世界都不会再出现他的身影。我突然庆幸，庆幸这一次离别仅仅对于我，对于DNA，并非是这个世界。

▲


清明时，被雨淋湿的DNA。




但已经决定远航而不走回头路的她似乎很难再在DNA的世界里留下再多的痕迹。

于是我想，大家在DNA的这段人生里是否会有一句像是墓志铭一样的总结语呢？

像是墓志铭一样，也刻在某一处地方。

我在这半个月里，收到了六十七份刻在DNA某个地方的“墓志铭”，并挑选并邀请了几位DNAer为此衍生，或许他们仍然留在这里，或许他们已经离去，或许他们不再会回来，或许我们下一次相见遥遥无期……

但，像是行走过就会留下脚印一般，在这里生活过，尽管是一周？几天？亦或是长久性的几个月，也请你在这里留下一行属于自己的文字吧。




▼

计计和塞哥是一对来到DNA社区里体验一个月的情侣，他们决定在四月的尾巴离开这里，她是一个很活泼又开朗的女生，而身旁的塞哥却像是与她互补一般，有些寡言。

他们留下的墓志铭是：

计计——既然人生没有意义那我爱过体验过即是永恒。
...",,
,,,,,https://mp.weixin.qq.com/s/E7Pli5MULJJy94tY_OPd-g,,,
,,,,,https://mp.weixin.qq.com/s/XrYHSiVjK7PkbSVsHXW1Ng,,,
